,Close,High,Low,Open,Volume,MFI_10,ATR_10,STOCHk_10_3_3
2024-03-04,2680.35009765625,2688.0,2630.159912109375,2664.52001953125,2157400,48.01569042279863,59.75767755521794,88.20761637835312
2024-03-11,2666.840087890625,2718.760009765625,2658.739990234375,2665.580078125,2482400,57.66492745219445,59.78391175282115,85.63248295426204
2024-03-18,2748.56005859375,2763.06005859375,2645.139892578125,2678.52001953125,3157800,70.77667283588961,65.59753717910154,90.76445481870589
2024-03-25,2746.6298828125,2779.39990234375,2731.699951171875,2756.590087890625,2363300,83.7829122681019,63.80777857837888,89.23734267900993
2024-04-01,2714.2099609375,2769.8701171875,2705.31005859375,2766.239990234375,2767800,80.11843604277658,63.883006579916,87.86117335185878
2024-04-08,2681.820068359375,2741.22998046875,2661.919921875,2718.760009765625,2165900,70.6409215161564,65.4257117812994,74.31240017794443
2024-04-15,2591.860107421875,2673.260009765625,2553.550048828125,2661.360107421875,2834800,60.61407359874856,71.71014255629446,49.97333884648945
2024-04-22,2656.330078125,2677.85009765625,2604.3701171875,2615.719970703125,1941900,60.0284936219112,73.13812732410251,39.16077604619422
2024-04-29,2676.6298828125,2710.22998046875,2665.2099609375,2675.4599609375,2080400,59.40338419954907,71.21430482606726,38.98901825894165
2024-05-06,2727.6298828125,2749.139892578125,2710.25,2718.169921875,1978400,67.73261036654529,71.34387532002303,59.02737165718461
2024-05-13,2724.6201171875,2773.4599609375,2713.919921875,2735.199951171875,2166300,67.82149373151299,70.16349169427072,69.10634492186811
2024-05-20,2687.60009765625,2756.409912109375,2681.169921875,2741.239990234375,2556600,57.27660402400063,70.67114154828114,70.72544638433463
2024-05-27,2636.52001953125,2730.1201171875,2635.43994140625,2697.159912109375,2422300,45.52827635181736,73.07204497157804,57.278479758349086
2024-06-03,2722.669921875,2729.6298828125,2657.81005859375,2657.81005859375,3221200,47.37650453768485,75.07582680254524,57.664852497297794
2024-06-10,2758.419921875,2776.719970703125,2689.18994140625,2698.7099609375,2921800,59.29857763552618,76.32124705197822,68.48029749912276
2024-06-17,2784.260009765625,2812.6201171875,2741.030029296875,2754.830078125,3190500,69.63392415917589,75.84813113584289,85.91907417667574
2024-06-24,2797.820068359375,2797.820068359375,2758.090087890625,2772.85009765625,2848600,80.5880049435878,72.23631606913361,91.24873175423033
2024-07-01,2862.22998046875,2871.9599609375,2774.7099609375,2792.9599609375,2107800,80.82156075423843,74.73768446222024,92.61081282735329
2024-07-08,2857.0,2896.429931640625,2844.8798828125,2862.580078125,2221300,81.03423249586493,72.41892089881073,91.22383082950905
2024-07-15,2795.4599609375,2872.89990234375,2776.989990234375,2869.14990234375,2733200,71.0729643245576,74.76802001986715,80.69702080771658
2024-07-22,2731.89990234375,2796.919921875,2703.860107421875,2790.989990234375,2307200,62.590628004850196,76.59719946319294,61.05470924168511
2024-07-29,2676.18994140625,2794.110107421875,2666.39990234375,2748.320068359375,2418400,62.90398507647649,81.70850002468615,37.9618620879969
2024-08-05,2588.429931640625,2611.300048828125,2386.9599609375,2611.300048828125,2773400,62.430888295763054,102.46064806909254,30.70596546929819
2024-08-12,2697.22998046875,2699.610107421875,2602.010009765625,2602.159912109375,1386200,59.67993480627483,103.3326008403083,38.686396853288315
2024-08-19,2701.68994140625,2712.840087890625,2664.280029296875,2697.969970703125,2069500,58.19146946585109,97.85534661565248,54.07384263574324
2024-08-26,2674.31005859375,2718.469970703125,2649.56005859375,2716.8798828125,1446200,48.418921328780506,94.96080316502473,59.692762421116846
2024-09-02,2544.280029296875,2695.590087890625,2529.31005859375,2683.800048828125,1779800,37.459900328436625,102.09272577820975,49.6856334460903
2024-09-09,2575.409912109375,2584.110107421875,2491.300048828125,2498.669921875,1278800,28.437711862449973,101.16445905976379,41.42345009485866
2024-09-16,2593.3701171875,2619.550048828125,2550.090087890625,2594.669921875,881100,22.691821594963244,97.9940092475374,36.78168391002349
2024-09-23,2649.780029296875,2681.449951171875,2588.489990234375,2596.469970703125,1886600,34.306837666702464,97.49060441653367,47.85820131046797
2024-09-30,2569.7099609375,2668.659912109375,2555.4599609375,2665.239990234375,1124200,36.920532625774754,99.0615390920678,50.49011743821793
2024-10-07,2596.909912109375,2621.929931640625,2561.4599609375,2579.199951171875,1771800,38.614680757812856,95.20238225317352,57.44176130234474
2024-10-14,2593.820068359375,2635.320068359375,2587.9599609375,2602.6298828125,1874100,52.642521226034354,90.41815477004367,51.115263369431794
2024-10-21,2583.27001953125,2618.7099609375,2564.4599609375,2600.77001953125,1742400,42.70075105910881,86.8013392930393,49.648576365168594
2024-10-28,2542.360107421875,2617.800048828125,2536.840087890625,2588.449951171875,1910800,29.749531575072425,86.21720145748537,36.03030524484644
2024-11-04,2561.14990234375,2593.14990234375,2540.47998046875,2549.0400390625,2147100,28.60706673565653,82.86247349923683,32.384401787776625
2024-11-11,2416.860107421875,2562.050048828125,2390.56005859375,2562.050048828125,3190500,26.585321649205824,91.72522517275064,21.90311450880118
2024-11-18,2501.239990234375,2511.22998046875,2437.530029296875,2440.31005859375,2258200,36.963265380765854,91.98968996016309,27.09382936622136
2024-11-25,2455.909912109375,2541.760009765625,2446.9599609375,2524.110107421875,2147600,30.2923378627043,92.27072584695928,23.185156898044596
2024-12-02,2428.159912109375,2500.669921875,2397.72998046875,2479.02001953125,2472300,20.124369282649937,93.33764740288835,24.678167706944425
2024-12-09,2494.4599609375,2500.320068359375,2360.179931640625,2392.3701171875,3050000,31.697184619903226,98.01789633447453,28.263332376479056
2024-12-16,2404.14990234375,2515.6201171875,2389.860107421875,2511.080078125,2649700,30.689658740507852,100.79210767758957,26.10181298359052
2024-12-23,2404.77001953125,2452.85009765625,2388.330078125,2423.360107421875,1449100,22.889973462092215,97.16489886295562,27.344238302171316
2024-12-30,2441.919921875,2454.669921875,2386.840087890625,2397.489990234375,1062200,28.359438320965424,94.23139237509756,21.65245606994662
2025-01-06,2515.780029296875,2535.8701171875,2446.820068359375,2453.300048828125,1855300,36.93239313897632,94.2032726688378,38.58873245992363
2025-01-13,2523.550048828125,2534.010009765625,2482.739990234375,2508.14990234375,2428600,47.520892152848646,89.90994735507903,59.81566060671931
2025-01-20,2536.800048828125,2552.570068359375,2507.949951171875,2533.679931640625,2804900,61.11168779165275,85.38096433832114,79.84040031704293
2025-01-27,2517.3701171875,2537.97998046875,2496.949951171875,2534.330078125,454400,55.394054831816696,80.94587083417653,84.81176812071453
2025-02-03,2521.919921875,2537.6298828125,2437.610107421875,2468.739990234375,2339100,54.83213609059099,82.85326128982138,85.85857560414367
2025-02-10,2591.050048828125,2600.570068359375,2499.179931640625,2510.639892578125,2489300,66.92134251198033,84.70694883271425,87.2707952354617
2025-02-17,2654.580078125,2680.699951171875,2592.570068359375,2595.989990234375,2288100,65.97079546356002,85.20124418381782,90.4066564097195
2025-02-24,2532.780029296875,2648.06005859375,2531.239990234375,2636.1201171875,2436000,66.22867601600166,89.01512855449855,78.93810784928918
2025-03-03,2563.47998046875,2583.64990234375,2513.31005859375,2522.199951171875,2230300,63.4221885486266,87.1476000740487,66.96160290228333
2025-03-10,2566.360107421875,2600.070068359375,2505.909912109375,2555.39990234375,2025900,65.17192660485688,87.84885569164383,54.245770970802965
2025-03-17,2643.1298828125,2650.719970703125,2587.52001953125,2588.320068359375,2557900,66.45608536992648,87.49995645060444,65.87299520077963
2025-03-24,2557.97998046875,2654.6298828125,2549.260009765625,2636.429931640625,2236500,55.96385083625044,89.2869481102315,62.34178571237271
2025-03-31,2465.419921875,2532.14990234375,2437.429931640625,2513.43994140625,2535800,43.95762756787532,92.41325818202085,48.52237656596653
2025-04-07,2432.719970703125,2445.06005859375,2284.719970703125,2359.25,2916200,39.77605393500671,101.24192748100627,32.79932527889563
2025-04-14,2483.419921875,2486.3701171875,2442.719970703125,2454.280029296875,2714800,50.037341159743626,96.48274938134314,33.02021614508467
2025-04-21,2546.300048828125,2553.330078125,2476.139892578125,2486.3798828125,2115200,49.1852250071833,94.55349299789633,51.20461128504613
2025-04-28,2559.7900390625,2571.409912109375,2540.570068359375,2551.22998046875,2074200,48.559112822549,88.1821280731067,63.53319142097565
2025-05-05,2577.27001953125,2590.89990234375,2559.169921875,2577.0400390625,1504000,57.259317586169544,82.53691331267102,73.16903967447509
2025-05-12,2626.8701171875,2646.010009765625,2585.60009765625,2593.93994140625,1922000,66.72277920650234,81.15722100484142,81.98124587362359
2025-05-19,2592.090087890625,2633.409912109375,2588.090087890625,2613.699951171875,1933900,57.81010607900393,77.57348132623228,84.89186886323542
2025-05-26,2697.669921875,2720.639892578125,2595.9599609375,2598.449951171875,2078000,56.927785264560924,82.67111366235906,90.10648666859812
2025-06-02,2812.050048828125,2831.110107421875,2685.139892578125,2692.909912109375,1369500,66.07758275625255,89.00102378049816,91.44518863156327
2025-06-09,2894.6201171875,2934.31005859375,2841.389892578125,2841.56005859375,3085100,78.77383505141512,92.32692237901085,95.04411054622972
2025-06-16,3021.840087890625,3022.06005859375,2886.1298828125,2903.5,3160700,91.45952037522054,96.68724771923478,96.7878907164067
2025-06-23,3055.93994140625,3129.090087890625,2971.360107421875,2992.199951171875,2691900,91.67247839923625,102.7915209941863,94.21633732248289
2025-06-30,3054.280029296875,3133.52001953125,3032.469970703125,3072.75,2796900,92.09769335449319,102.61737377758018,91.7984401645935
2025-07-07,3175.77001953125,3216.68994140625,3032.989990234375,3044.780029296875,2810100,92.51176412290023,110.72563151700967,89.73663896808718
2025-07-14,3188.070068359375,3216.010009765625,3152.419921875,3175.590087890625,2213400,92.84947545948862,106.01207715437121,91.95931529603251
2025-07-21,3196.050048828125,3237.969970703125,3141.929931640625,3191.110107421875,2202000,93.04632380259142,105.0148733451841,94.26374153602278
2025-07-28,3119.409912109375,3288.260009765625,3117.919921875,3228.610107421875,2262100,90.36935314079344,111.5473947997282,88.20828985143875
2025-08-04,3210.010009765625,3227.679931640625,3105.6298828125,3114.27001953125,1562700,90.2938570862678,112.59766020256788,85.39522103779969
2025-08-11,3225.659912109375,3242.169921875,3189.580078125,3220.719970703125,1439800,90.40190520579242,106.59687855731109,82.87583578140915
2025-08-18,3168.72998046875,3206.77001953125,3079.27001953125,3202.6298828125,1460400,83.28816348088333,110.57617995939248,81.0976729112075
2025-08-25,3186.010009765625,3212.68994140625,3164.080078125,3195.139892578125,1384600,82.01425741507201,104.37954829157823,74.66716937780008
2025-09-01,3205.1201171875,3214.639892578125,3135.02001953125,3164.580078125,1516700,73.26063912622064,101.90358076710791,68.50229877278231
2025-09-08,3395.5400390625,3395.5400390625,3206.340087890625,3209.81005859375,2261400,72.79659355847633,110.75521487789712,78.41037091869312
2025-09-15,3445.239990234375,3467.889892578125,3391.330078125,3407.780029296875,1851700,71.65085124255914,107.33567483541991,87.22284310153067
2025-09-22,3386.050048828125,3497.949951171875,3365.72998046875,3463.840087890625,1625600,61.18358217582125,109.82410442219042,89.14829025840216
2025-09-29,3549.2099609375,3565.9599609375,3413.330078125,3414.429931640625,1838600,60.78800427549583,116.83268519090888,88.00108484930725
2025-10-06,3610.60009765625,3617.860107421875,3569.43994140625,3598.110107421875,407400,70.5104836597481,112.01443132025548,89.49452705977855
2025-10-13,3748.889892578125,3794.8701171875,3522.5400390625,3550.080078125,2602300,72.97183603009069,128.04599600072993,96.26167007816241
2025-10-20,3941.590087890625,3951.070068359375,3728.3798828125,3775.39990234375,2384700,75.04336810207435,137.51041495534443,97.04640779826934
2025-10-27,4107.5,4146.72021484375,3972.56005859375,3999.7900390625,2366900,84.04747920712964,144.2723861551225,96.20350845179053
2025-11-03,3953.760009765625,4226.75,3867.81005859375,4123.35986328125,2290900,71.9747596159383,165.73914168023526,90.01022224965827
2025-11-10,4011.570068359375,4188.5400390625,3984.239990234375,3991.8701171875,1875900,79.69713989121855,172.64323044189925,83.34349088549943
2025-11-17,3853.260009765625,4089.8798828125,3838.4599609375,4078.570068359375,1681600,70.22790553477091,180.52089958520932,70.17650554851808
2025-11-24,3926.590087890625,4023.419921875,3833.35009765625,3915.159912109375,1447500,69.94521035376896,181.4757920485634,66.89127174262349
2025-12-01,4100.0498046875,4100.0498046875,3892.080078125,3967.919921875,1737300,78.20483540817666,184.12518549995707,68.72839259584761
2025-12-08,4167.16015625,4172.64013671875,4081.260009765625,4109.25,2080500,78.83568681570662,174.85067964527389,80.36695160248983
2025-12-15,4020.550048828125,4123.18994140625,3975.5,4053.739990234375,2105900,70.24847296602584,176.5316273057465,82.22692987696608
2025-12-22,4129.68017578125,4143.14013671875,4083.1298828125,4096.259765625,1575200,69.07075084286824,171.13747336423435,80.92652248093894
2025-12-29,4309.6298828125,4313.5498046875,4146.47998046875,4146.47998046875,1316900,67.57235346407354,172.4106889184359,83.4750664785546
2026-01-05,4586.31982421875,4622.31982421875,4381.93017578125,4385.919921875,2405300,68.104123285657,186.43861416721734,91.7144399113579
2026-01-12,4840.740234375,4855.60986328125,4567.5498046875,4639.89013671875,2640500,81.01035727204994,196.6007586098706,97.7220641114648
2026-01-19,4990.06982421875,5021.1298828125,4807.1298828125,4829.39990234375,3019800,82.60545793121798,198.34068274888355,97.12251177365533
2026-01-26,5224.35986328125,5321.68017578125,4890.72021484375,4997.5400390625,3078400,91.14835918171099,221.60261056774522,96.46385165290958
2026-02-02,5089.14013671875,5376.919921875,4899.2998046875,5122.6201171875,3692700,74.92124102055581,247.2043612297207,90.48831292843931
2026-02-09,5507.009765625,5583.740234375,5257.52978515625,5299.10009765625,4125100,78.03097728844033,271.94393487237363,89.76960801171073
2026-02-16,5808.52978515625,5809.91015625,5614.97021484375,5642.08984375,2935100,79.39252865250694,275.03958044763624,91.92415611509398
2026-02-23,6244.1298828125,6347.41015625,5775.60986328125,5903.10986328125,7070800,88.731661627466,304.71565169974764,96.86412794672033
2026-03-02,5584.8701171875,6180.4501953125,5059.4501953125,6165.14990234375,5748500,73.57772222846437,392.71205527977287,86.90573472828436
2026-03-09,5487.240234375,5746.35986328125,5096.16015625,5265.3701171875,4709300,64.05540162896926,418.4608204549206,72.34286406594258
2026-03-16,5781.2001953125,5934.35009765625,5448.75,5510.81982421875,6027800,67.63011688816532,425.1747481750536,63.25927763627552
2026-03-23,5438.8701171875,5740.97021484375,5220.10009765625,5580.14990234375,4884500,58.8291125009559,438.7672831231733,55.146241246908005
2026-03-30,5377.2998046875,5574.6201171875,5042.990234375,5181.7998046875,5463100,50.064521194021445,448.053543092106,47.53522798370718
2026-04-06,5858.8701171875,5919.60009765625,5404.91015625,5423.35009765625,5062600,52.421702596816665,457.4782180797704,46.893782056621355
2026-04-13,6191.919921875,6231.02978515625,5730.22998046875,5737.27978515625,4511900,60.39900002516211,461.8103767405434,62.58215280707103
2026-04-20,6475.6298828125,6557.759765625,6176.75,6213.919921875,4305600,61.08893909956979,453.7303156289891,82.97380659376735
2026-04-27,6598.8701171875,6750.27001953125,6529.18994140625,6533.60009765625,3385600,61.817127769945984,435.8212977379652,91.26329982523312
2026-05-04,7498.0,7531.8798828125,6741.6298828125,6782.93017578125,3159300,59.014516511990536,485.5401445266687,94.78297123153288
2026-05-11,7493.18017578125,8046.77978515625,7371.68017578125,7775.31005859375,4226600,70.6398059304634,504.49609101150185,90.44693769777219
2026-05-18,7847.7099609375,7886.64013671875,7053.83984375,7443.2900390625,2649200,72.0711525070045,537.3265112072266,91.19380867036402
2026-05-25,8476.150390625,8476.150390625,7841.009765625,8070.91015625,2543200,70.61576871241269,547.107922586504,91.64755696241558
2026-06-01,8160.58984375,8933.6201171875,8038.10009765625,8485.669921875,2633097,80.59752979787979,581.9491322809786,91.16789480235377
