Date,Close,High,Low,Open,Volume,MFI_10,ATR_10,STOCHk_10_3_3,RET,MOM,VOL,ATR_10_res,MFI_10_res,STOCHk_10_3_3_res,Investor_Sentiment_PC1
2024-05-20,72905.8046875,75979.56720396904,72713.69453022069,75019.01641757246,99288237,61.73388566163965,3552.726941156831,41.877741237248806,-0.019379870620821915,0.06782992139936572,0.0018172947112439254,-1119.3308677352693,6.746336118960585,-10.568754478772767,0.16345761311512633
2024-05-27,70600.4921875,75115.08148384355,70600.4921875,72329.48383290817,147359198,47.965889431026405,3648.9131766755027,24.043677580633044,-0.03162042459967873,0.0620924709663786,0.0019115670173055338,-1141.7273537797828,-5.392365326077936,-26.041809650758616,-1.5335800619904472
2024-06-03,74250.5859375,75499.30213049806,71272.87809265847,71464.98827619664,74171638,45.34809288408846,3773.902853307759,20.4456957511842,0.05170068418653684,-0.06081420629444367,0.0013532313659366589,583.0648420561274,-4.024499075250176,-27.049962200178594,-1.6774850860449095
2024-06-10,76459.8671875,77324.36317328832,72137.38725855842,73097.93835387877,107507071,43.41068962025574,3915.2101594499736,26.40004563727432,0.02975439482537756,-0.05347346287985766,0.0012406238970576263,1097.1836037442513,-5.645385143530383,-19.7380274086029,-1.5182837507670452
2024-06-17,76844.0703125,79245.44750976562,74922.9685546875,76075.629609375,96695948,43.849294727499036,3955.9370390127892,48.7368478854162,0.005024899193950105,-0.05386465334299584,0.0011357029779556064,1557.2497792310683,-3.9818240548613915,5.180907543774978,-0.25304345765402714
2024-06-24,78284.8984375,78669.11879792945,76363.79663535276,76555.90681556749,73521576,55.16577903236908,3790.8755513691794,68.23314741918811,0.01875002351047539,-0.03937233771227866,0.0011797146800148763,1106.5254610004263,5.30168442014066,21.578019820899485,1.3177750804809316
2024-07-01,84037.125,84037.125,78151.63174512055,78634.0492250287,126877856,67.49024916425097,4000.3373217202065,85.29977106846006,0.07347811234745838,0.0522571980846136,0.0010486202988060165,723.9294885100112,5.3470139335887765,21.491584746533377,1.362557259305765
2024-07-08,81432.0859375,85677.36055983412,81142.63539506814,84809.0089325385,114207851,69.45358626319475,4053.7761060247844,86.91045685851901,-0.030998669486848818,0.13733320238380264,0.001172191261874887,617.6056394506786,6.574682459210543,25.912946357741376,1.683216323150678
2024-07-15,81432.0859375,84905.49244668247,80853.18485263626,81721.53647993188,102837170,59.664055347620184,4053.6292548269275,81.22830940973502,0.0,0.09460055149678026,0.001179856889406001,663.3978982878311,-1.2435652872015766,21.521536989708373,0.8487930947874988
2024-07-22,78055.1640625,81914.5046836372,77283.29593827257,81432.08710599506,86525177,58.33484130545627,4111.3872038806985,64.37645328794082,-0.041469180558530994,0.07398186729337008,0.0013810603468774026,617.9292677287754,2.6369215182984007,12.436472283119059,0.7286596269736123
2024-07-29,76800.8828125,83072.31168538002,76704.39929137877,78730.55323492462,93411708,58.31124933502442,4337.039722892754,54.137361608711636,-0.016069164225901544,0.055239968797917816,0.001350890332752725,870.7736529584499,2.6145420039815974,1.2930637169072128,0.16574160329354096
2024-08-05,72073.1796875,74195.81684027778,67731.421875,74002.84982638889,179417395,56.7672626205154,4810.281844353479,38.254386826592075,-0.06155792683454053,0.058550675192838186,0.0017061366695539787,739.4423870450273,4.8946754636889125,-8.599497202420118,-0.10955821451162816
2024-08-12,77379.78125,77379.78125,72169.6712905237,72555.60536159601,55863166,56.10464492362287,4859.913816168131,39.694066307650836,0.07362796515303938,0.028613172957976385,0.0020533119354453067,-747.7122296746893,-0.3373907315001716,-18.332050711350398,-0.8120712760888761
2024-08-19,74967.6796875,77283.28369329151,74774.71268701737,77283.28369329151,50205406,53.64029398722752,4634.429290849582,39.42651570136429,-0.031172245818412714,0.05054045392447892,0.001974806050364204,-243.7389182519155,1.531682240918613,-9.202322608728366,-0.2884056436603959
2024-08-26,71687.25,75450.1069986541,70915.38189771198,75353.6234858681,69823596,45.31513141826248,4624.458871858835,38.7096781403657,-0.04375791942840368,-0.010386186719311352,0.002054508684625706,5.924103556604678,-0.15709004485697164,-1.2924789167489195,-0.07476413571724495
2024-09-02,66477.1328125,72073.17592298621,65608.78129535558,71880.20891917634,101031606,37.02725677513348,4808.452447436014,22.230828358985644,-0.07267843567022025,-0.05916900534166514,0.0024488159203013716,-295.9925309044447,-0.7737531558859416,-7.658765221229583,-0.3913625501021233
2024-09-09,62135.3828125,65801.75633249224,61942.41578513198,64547.470654600154,150653622,23.475412363876586,4781.0789054292145,9.060985311664167,-0.06531193233387467,-0.15059746452236078,0.002574468796751489,-116.77517839273969,-6.001825689749239,-10.903520261402138,-0.981632652010449
2024-09-16,60784.61328125,62424.8330047123,60012.74517609127,61749.44841269841,82148769,11.462741269977258,4544.179797748396,2.746901311340728,-0.02173913590145715,-0.2893875092036938,0.0016256161217332726,2560.9374204422274,-11.452314793128913,-9.431592800321823,-1.660578926609416
2024-09-23,61942.4140625,63100.21619450935,60012.74384248443,60109.22735348521,150151359,24.417533103664567,4398.509053176048,4.093993625009169,0.019047596402281375,-0.28012797561830216,0.0018261402352700705,1602.8455899863388,-1.206886988280747,-13.236922556882618,-0.9164740104532909
2024-09-30,58797.06640625,62386.98630234117,58117.89237185437,62289.96144028465,85415277,25.031946300489125,4385.567540907123,4.7302103662460775,-0.050778577229430244,-0.2610803792160208,0.0018195044048721874,1936.0264168405347,2.0512707098235765,-6.702249878597171,-0.3861898792548607
2024-10-07,57535.74609375,60058.392634116775,57147.64662600126,58408.96989618465,137364502,24.80397195441742,4238.085387627962,4.336029646422354,-0.021452095990386444,-0.27038977588692004,0.0018034119038033449,1697.7721001678797,0.765697213096665,-9.483436919905287,-0.5924447276032412
2024-10-14,57438.7265625,59573.27383340372,57341.70168654983,57729.80119035051,104697889,27.448018567890983,4037.4340635505546,2.026197443517475,-0.0016862479039015943,-0.27577270765140494,0.0018523126809563196,1283.2062644261018,2.8268398905383947,-13.318279846280134,-0.5627904731923448
2024-10-21,54236.8984375,58214.917822003576,54139.87357446332,57244.66919163685,130727449,19.785568059023404,4041.1950819495246,1.2587224029753807,-0.05574336891880849,-0.215901028720766,0.001813132556353078,1360.7345457533324,-7.027686419898622,-14.752236155157853,-1.4213845573693669
2024-10-28,56565.5,59379.221269296744,54042.85334476844,54042.85334476844,130875210,23.95163744033006,4170.712366207403,4.547336162113528,0.04293389979117945,-0.34527236279261386,0.0012951943749405143,2931.9999846290493,0.8880195211089656,-9.791759818224438,-0.7436132694122304
2024-11-04,55304.171875,57632.76858552631,54624.99783442982,56856.56968201754,86084137,24.043810224271667,4054.4182046963115,6.399615995634947,-0.022298541071854805,-0.2711662171830217,0.0012958094489654481,2775.2464262327812,-1.6651768697258902,-8.806361446325312,-0.8804389123972552
2024-11-11,51908.30078125,55110.121203271025,48415.40577540888,55013.09634199766,215587402,22.642039445161075,4337.852994185792,12.956494503383036,-0.06140352488100609,-0.24970683882647282,0.0013843905111254446,2958.557818647926,-2.2449216568825037,0.11356740926564335,-0.5228892796683435
2024-11-18,54333.921875,55789.29478236607,53072.598688616075,55304.17047991072,134877926,33.60597579297129,4292.1670948788205,22.463023185795038,0.04672896352303968,-0.23843192803725866,0.0016203494477418027,1569.4406598415362,1.7019311306363214,-3.447688977524379,-0.21532111235461238
2024-11-25,52587.4765625,57147.645194303506,52199.377104474166,55692.27222670664,125769782,32.79296593276939,4357.777194373873,29.60143997465525,-0.032142817087966735,-0.1263910321803443,0.0014027101684375922,1986.0295916505033,-5.129796450323667,-0.5837751121706205,-0.6696088733955766
2024-12-02,52490.453125,52781.527726432534,50452.930914972276,52684.502859288354,120874387,21.002219916140717,4154.859156082512,32.62704651020812,-0.0018449913143234742,-0.1367947133668539,0.0014095371433924145,1636.3798286101255,-17.85850975815083,0.13772926743719438,-1.6026680216720857
2024-12-09,54430.953125,54819.05261252228,51617.23184046346,51908.306456105165,110963118,29.122443930022925,4059.555317680143,36.41472716645105,0.036968627330743686,-0.15768730108345874,0.0015521782595709316,1069.7480850682605,-9.776010641606952,2.248090538308041,-0.794355465549736
2024-12-16,51423.1796875,54916.07491155661,50355.906146816036,54625.00030955189,96348143,30.391587726681067,4109.616662386186,35.92997310885891,-0.05525851128479575,-0.06994009652328481,0.0015896667831997173,1077.2838032318318,-10.563601397769503,2.585728698435865,-0.8415762566029366
2024-12-23,52102.3515625,52975.57533170391,51617.22724627561,51811.276972765365,46571598,32.113349080707934,3853.894560567959,37.41718009807794,0.013207504458637942,-0.10374651181769412,0.0016290675360324843,494.3540071692378,-9.936940456179798,0.11042076617853525,-0.840869918660056
2024-12-30,53141.41796875,53825.2229793773,51090.002936868106,52066.86723776425,48573286,38.92050820076139,3742.0271087620827,34.56346033187515,0.01994279288917644,-0.08885275945515458,0.0016999067676682835,72.99719283847298,-4.663512653659772,-4.995813616814445,-0.6164165606983822
2025-01-06,54020.6015625,56365.07613302441,53043.737158114825,53141.423598553345,103207887,37.03115799001298,3699.958295376833,45.84837553131528,0.016544225339771845,-0.013166597647169653,0.0014596108174293452,178.46553113044502,-14.095665364921715,-2.6618135262978626,-1.2652261687316217
2025-01-13,52457.6171875,53727.54088105214,51969.18499767225,53336.795129189944,90392193,37.0585392434653,3535.104122321925,50.06915967412507,-0.028933116807144055,-0.03955627209857726,0.0013164514759931227,820.2636873224242,-9.296737081002,9.378536777517397,-0.3869184144474593
2025-01-20,52457.6171875,53141.42225325885,51871.4985597067,52359.93074953445,71155922,42.51478771017583,3308.5860794449472,46.0156816491216,0.0,-0.04619084783386651,0.0012899762732276917,514.5961842682077,-5.154101735041891,2.647494394439235,-0.34324468745381853
2025-01-27,51187.6953125,52457.61905116889,50503.89022244752,52457.61905116889,42186279,31.17655157291624,3173.10035437259,29.827614169181924,-0.0242085314409326,0.015212677047139578,0.0009902029134203666,894.5015098303952,-21.628982096643973,-18.643880397693547,-2.7089619256241337
2025-02-03,52457.6171875,52946.04937732774,49624.71048649907,49917.76980039571,106477524,44.580859867660685,3187.9242080181984,28.407052457765612,0.024809123896810448,-0.0557248179168327,0.0008254393481660174,1438.6212302575268,-5.4259018670416665,-18.189110395913136,-1.46748718483933
2025-02-10,54704.40234375,55974.32596958705,51676.12292829241,51773.809361049105,125030539,59.28238862560607,3298.9520913458427,43.21276937983989,0.04283048443125592,0.00122712306794448,0.0008966111129579018,907.8857047785068,3.192550996692866,-11.720243240189298,-0.41317897236825896
2025-02-17,56853.5078125,57732.68576836341,54411.346823990556,54802.092582152065,103229672,59.15865099309983,3301.1907766485438,68.8492879322147,0.039285786457285754,0.045902598813523876,0.00100228084990607,397.1007012095333,-0.4111777805400507,9.57777724732285,0.376950876765576
2025-02-24,53239.11328125,56462.766012041284,53239.11328125,55974.33378010321,89892797,59.35922573121037,3332.5111521086897,69.69908397792938,-0.06357381752362745,0.048219757940065944,0.0013336060624991714,256.3097245805716,7.2393400851059795,23.098190898485186,1.644505475266268
2025-03-03,52457.6171875,54118.286632914336,52164.55787360335,52652.9900634311,61665843,58.26571191860277,3194.6329128289194,56.22491578278929,-0.014678984032313491,0.039904451701234245,0.0010461614030217072,564.9433008117048,2.803309174821763,4.018030363524744,0.34681942009739647
2025-03-10,53434.48828125,54606.72568412934,51285.386375971204,52262.25087837066,83613087,59.937816004878684,3207.3035523618414,42.16871633145996,0.01862210192007674,0.012017963210282812,0.0010606459502288683,500.5156896535086,4.97060644512279,-10.679731316683608,-0.17440832866766023
2025-03-17,60272.53125,60272.53125,54118.28575769854,54215.97219408428,168263990,63.208103592382926,3570.3774940006574,60.642594749106706,0.12797058957050877,0.010697272241183109,0.0024922492462888628,-3356.5567157285145,6.524653971511157,-0.27872936425622896,0.9013558532985152
2025-03-24,58807.2421875,60565.598266196015,58123.437045784885,59784.10667566445,84451498,72.65099330513664,3457.5558666417046,76.97220291588464,-0.02431105898675856,0.12212363647192004,0.00261181246221382,-3475.5169776832354,15.829021340495899,21.38912274324526,2.68579126740965
2025-03-31,55127.6875,58665.29311497326,54734.620209447414,58468.75946969697,88912712,70.91185560138253,3519.0624777827925,78.07531104180237,-0.06256975417701394,0.12674569429230553,0.0029691314332153333,-4078.0721833575626,17.34548110899494,27.5030891845867,3.168792402113403
2025-04-07,54243.28515625,55717.287470278534,51983.148274739586,52376.21555848053,114987340,65.85673269116973,3540.570149558408,58.81327540310292,-0.0160427978001072,0.0641759401152916,0.0030112481320730975,-4072.720686063123,15.214163814757086,10.094917001847861,2.1693945436088167
2025-04-14,54341.5546875,56110.35755255425,53555.42008080922,55324.22294586347,53003689,64.21167408307655,3442.00688177707,41.8144476432277,0.0018116441688023066,0.072341673756117,0.00292404453653314,-4121.035438858938,11.388988697067873,-10.168812493502152,0.9059763378480986
2025-04-21,54734.6171875,55422.48490798923,53751.949015372535,54243.28310143627,49386688,55.90192193031669,3264.8597828610323,37.43785871719692,0.007233184664302783,0.049344194028108856,0.002888615485897107,-4103.86847599722,4.7107529103641355,-12.669702126868039,0.2554190690439715
2025-04-28,53358.8828125,55520.75283436924,53260.61599332412,54832.88510013812,55105429,46.9330439108307,3164.387488679441,30.814294835311006,-0.025134630434835326,0.013746894261155718,0.0027962664949863787,-3550.114062783201,0.7063029606630735,-11.787657423666968,-0.08550123051005369
2025-05-05,53850.21875,54538.08650775547,53358.88463731752,53358.88463731752,41271845,49.73565667312587,2965.869109337044,29.04947903400536,0.009208137644607817,-0.05067352263096536,0.0026359563766005147,-3176.4986209521026,6.6545471214556216,-10.705034378834988,0.39331059099178267
2025-05-12,55815.55078125,57584.35344685299,54046.74811564701,54243.28174515845,68250680,57.58932318960084,3042.6956680886387,32.93205415382774,0.03649626829510333,0.022108432537269906,0.0023493989926619907,-3016.7408448814695,5.130738078498176,-19.13910565010317,-0.14843203241961886
2025-05-19,53260.61328125,55717.2836355512,53162.34646707795,55422.483193035056,53178256,49.45080418965426,3003.74653269698,30.445860102577896,-0.045774653555121336,0.07328368486468673,0.002561726936758686,-3367.474407588668,-1.7366845026980613,-17.258277782348138,-0.5615403509627703
2025-05-26,55225.953125,56208.621330071175,52769.282612322066,52965.8162533363,81013633,42.33935747846619,3047.3057512021933,33.82802355021227,0.03690043585063041,0.008886929389488651,0.0026510334670718774,-3676.590592651458,-7.871430148926137,-15.853069118684083,-0.9441788206089556
2025-06-02,58075.6875,58861.82201776649,55225.94987309645,55324.21668781726,55786525,39.489488726033606,3106.1623905489782,47.08006052636238,0.05160136156545514,-0.08218322433038971,0.0012902129980691154,202.94847230788673,-8.149438071173556,1.8286996656688004,-0.5827750551424835
2025-06-09,57289.5546875,59353.15785806175,56699.95378162521,59353.15785806175,86987247,53.28176694659274,3060.866559137734,66.11851856119661,-0.013536349655783209,-0.006270803778176015,0.0012543692153911385,195.30480773001455,2.697718933750167,19.671110709283177,1.1284000816281348
2025-06-16,58468.76171875,59549.696809348745,55913.82423188026,56994.759322478996,103407109,70.18309004103003,3118.367160970809,81.54313165870424,0.02058328150187716,0.04276260074305471,0.0008723264268958367,673.6530802182715,11.620299004047808,24.390821108227364,2.0039287144537568
2025-06-23,59746.22265625,60532.35716488487,56601.68462171053,57387.81913034539,100965975,72.50732507305369,3199.5976991911625,81.97712824508687,0.021848605989723602,0.07938868004503907,0.0008376319283552374,606.5756308003151,10.399334325231585,20.409212687199968,1.7252992154285804
2025-06-30,62584.43359375,63968.6074804996,59123.99887687599,60508.1727636256,101598834,81.12069450283457,3364.0987896344077,87.1906503021322,0.04750444147456245,0.09942564186596037,0.0009598849069970999,182.02615939630232,15.997619638842423,20.754819104350773,2.235764924866503
2025-07-07,61892.34375,62584.4306609425,59519.474341054316,62188.952426118216,88820970,76.69437296688378,3334.1848359405353,86.32492862374704,-0.011058498160141816,0.13969689867622004,0.0010127057882333501,148.79274880698222,11.77767674447692,22.256368082648947,1.9768116701114073
2025-07-14,66341.46875,67033.55560730254,61101.382544709384,61595.73029992548,118448922,83.58900335804279,3593.983658605797,88.08316094877512,0.0718849009494813,0.15377303095091355,0.0011537868661370097,-556.980483481228,12.653335695016565,13.250531513651765,1.7004942731148327
2025-07-21,65155.046875,68022.2644157815,64166.351171282244,66638.09043057663,74980315,83.9445261409669,3620.176617195142,85.93705742590753,-0.01788356358932741,0.21644979425578703,0.0012817714733548626,-657.5812409181017,13.40506264932742,14.77120796015798,1.8444788837583692
2025-07-28,68121.1328125,73163.48081458635,66440.35014513788,67429.04583182148,148891490,90.80829683373548,4059.002349434263,83.87531166544211,0.04552350247234771,0.1620699623713563,0.0013224808349182261,-390.0092943970658,21.37518108112532,11.67429254169366,2.296863725725182
2025-08-04,70988.34375,71581.56110724233,67527.90916608635,68714.34388057103,78964731,90.97516945712783,4058.4673086064354,81.45054880218437,0.04208988927697166,0.25336811839882534,0.0008882831160989778,138.8609509396233,11.890959785676927,-2.0720107032003625,0.8272450782637737
2025-08-11,70790.609375,71581.5659043296,69999.6528456704,71186.08763966481,51403773,91.04010086709228,3810.8118836117123,83.13111569825958,-0.002785448491323672,0.2585575718251666,0.0009517680011507358,-9.856364624958132,14.53811986289874,4.410511881104654,1.3636861887010463
2025-08-18,70592.8671875,71087.21499693627,68615.4759497549,70296.25850183824,69695454,82.96518760725206,3676.904599968678,86.40512208995086,-0.002793339247194493,0.20417076176838778,0.0009123374310559659,288.61559832883404,11.287882963401529,13.74295474493897,1.5156023627165265
2025-08-25,68912.0859375,70988.34677636297,68813.21637374461,70889.4772126076,58841393,75.4467909889959,3526.727180233647,81.8905516470967,-0.023809505364553618,0.2149137721769765,0.0009873581867657609,21.935765972388708,4.380300112219928,10.67304779278004,0.8533577414326998
2025-09-01,68714.34375,69604.16978417267,66736.95256294965,67626.7785971223,56700518,67.7092170786527,3460.7761843325843,75.91250849777342,-0.002869484863356808,0.17052098531054571,0.0010223036623809483,9.338879634870864,-0.5033745255298925,7.423318029106923,0.31286302398426213
2025-09-08,74547.6484375,74745.38755802387,68813.21394230769,69010.95306283157,95075124,68.06082454550351,3717.8029467017127,80.44707631280008,0.08489209630994976,0.1458028944574653,0.001466932913210545,-1239.0579893613772,-1.8607757066726123,5.984529206379136,0.2845349193160552
2025-09-15,79392.265625,79590.00476727895,75042.00449486301,76327.30891967622,94602422,78.29901616163839,3850.258285009437,88.64720033827753,0.06498685456941922,0.1831905492928526,0.0015874871618882212,-1506.6282195142157,6.6474289089211,12.614297355590622,1.306609163529759
2025-09-22,82358.34375,85225.56099939976,80183.21342286916,80578.69166416567,113177260,78.89358930331251,4048.5619939484695,94.67225103100547,0.037359786896747904,0.25923590202241364,0.001475042774178432,-1322.9253774660738,1.6471904480086295,12.84851334865202,0.8997064646272026
2025-09-29,88735.4296875,89279.21226497214,82259.47353760446,82358.34309714485,101310544,80.15068300535611,4345.679667290391,94.31150043046853,0.07743096384815296,0.22471078796968025,0.0015276666964620003,-1199.3404189047224,3.713069838756894,11.934954800566032,1.005260639037405
2025-10-06,93749.2890625,93848.5997500662,89131.34209067134,89131.34209067134,35269748,77.7235650945562,4422.428706817973,94.54590553980164,0.05650346645818183,0.3200253154071606,0.001356000635053468,-1152.8938910453498,-6.699580646344415,3.2300169341782095,-0.24049269803931803
2025-10-13,97225.15625,98416.88441649642,89578.2338483146,90670.65133426967,131350523,80.12051941137449,4864.050892954358,97.83032267173348,0.03707619782783356,0.33100527939299473,0.0013434075127638162,-623.4934392558926,-4.1235069640241875,7.476781117942323,0.10342920083226916
2025-10-20,98118.953125,99211.37061930668,94841.70064207996,97225.15699329453,93621703,81.6733439928561,4814.612801381593,97.50266285431915,0.009193061852240447,0.32599158794385663,0.0013850230953976355,-566.0359991305422,-0.20669793566159456,11.075578897894772,0.5786186232718402
2025-10-27,106758.984375,107851.40188953489,98416.88699127907,100601.72202034884,152466621,90.18151878284816,5306.396397696923,96.7390917300851,0.08805670030939794,0.33797009828742075,0.0015310083457901109,-1012.8580832054213,2.748694030532164,0.2737613980969371,0.350857766657725
2025-11-03,97225.15625,111625.20492849847,95636.1853613381,106163.1174987232,156967139,78.7029307453456,6374.6587146432685,87.29976007704374,-0.08930234940706838,0.4288201378440132,0.0029297781637695162,-2815.8234499579467,-0.8847730685350399,5.377100264855827,0.519667550190744
2025-11-10,96529.9765625,105269.31600437242,96529.9765625,97920.32601916151,113643449,72.8838356862026,6611.126787366184,76.66795530734402,-0.0071502038599192685,0.3633272938014984,0.002772839716776179,-2315.080871584607,-6.464907536747958,-7.809527531239169,-0.6105078387225906
2025-11-17,94146.5234375,102190.68841475474,93848.59140130537,99112.057374077,103334007,64.03531092196243,6784.223809974503,61.62766377932897,-0.02469132605099922,0.35904657480493596,0.0029699705445623403,-2489.0848379642066,-13.11892640215001,-19.722031246759116,-1.6851527434836147
2025-11-24,99807.234375,104772.76842350747,95536.87509328358,97125.84598880597,99001482,64.8914676988995,7168.4259275777995,59.792059525187824,0.06012660617529764,0.24946315244398698,0.0027558029266008593,-1444.937614280564,-8.370449695879898,-19.588588854208,-1.426089001427417
2025-12-01,107652.78125,107652.78125,99211.37312615314,101296.89748616236,70939656,64.24748322307701,7295.724147204706,67.03603755144492,0.07860699601716625,0.2446029040498654,0.002873026865298876,-1694.9188825693618,-9.322332741869843,-13.56851485230736,-1.1849555590310636
2025-12-08,108149.3359375,109738.30689709596,106063.8115530303,108943.82141729798,78769475,64.14981539721732,6933.6012668908015,77.81116059403409,0.00461255790825188,0.28585011317028375,0.0029182706685681047,-1948.8831709587803,-8.355856454383783,1.2259085638085736,-0.37303503039925334
2025-12-15,105567.25,108943.81302916275,101992.06561618063,104574.14322671684,108107073,56.57545806572467,6935.415881499934,81.18085760953217,-0.02387518994099236,0.21303170723038267,0.0028174302241311556,-1067.3892717453455,-7.843636292663042,15.854977964410566,0.2605303800374661
2025-12-22,116193.4921875,116193.4921875,108546.57005208333,108943.81276041667,91789471,55.763132023050076,7304.498512099941,85.68999517719635,0.10065851092550004,0.13265305083120849,0.0033417969357959418,-2292.7091759517843,-7.3232299049202965,16.705378933427525,0.4874263841492942
2025-12-29,127614.2265625,127614.2265625,117385.22630107004,118576.9544868677,69885632,55.58627974302572,7716.1220983899475,90.840835676904,0.09829065432141837,0.19623536392887497,0.003876698758706717,-3575.9581412485695,-11.262010246934189,16.56310394413444,0.320433184805988
2026-01-05,138712.890625,144201.53018210432,132425.90349595324,134321.97897931654,205472025,60.14932289340233,8603.240250511386,96.36655463745755,0.08697042924962872,0.2853329563980529,0.004153140026122598,-3846.6698801116636,-13.13867564334845,14.132095617962065,0.08786585792820913
2026-01-12,148592.4375,149191.1981615178,136517.43082605777,140708.75545668235,121801572,73.57218830156901,9010.29295900625,96.00591588396088,0.07122299038312607,0.2842466853382837,0.003996387038798373,-2945.7782222245187,0.8225832878293602,15.232184088588511,1.1401673520441333
2026-01-19,151785.828125,156675.7068745891,141507.103406476,146895.9493754109,136006446,83.88965733952344,9626.124009916934,93.41155901922549,0.021490936407850603,0.44477202512847813,0.0024174233949398453,890.4954031190737,-5.956034501337598,-4.736853152855943,-0.8033295676428428
2026-01-26,160168.484375,166255.8847157321,148891.82472741435,154580.05127531153,156086280,92.2713661543371,10399.917607757016,94.17571441610842,0.05522687034455309,0.473413165396248,0.002153137591608617,1923.0595576588275,-3.251348448466814,-11.951264664316355,-1.0551506687426868
2026-02-02,158272.40625,169050.09847887768,150089.34363177806,155378.39629965322,181014533,93.14889935129216,11256.001331691277,89.39226719416939,-0.011838022519840674,0.5533313617918003,0.0019811421375849477,3139.9836327200683,-6.044389086774004,-18.58466101338965,-1.7368508008380958
2026-02-09,180825.71875,184019.10892660043,161665.37769039735,168251.74492963575,142978982,93.80583929440232,12705.071466182193,90.68892594711032,0.1424968068304704,0.481366733096662,0.0027775127110341883,2081.6347038553686,-5.741027563037548,-24.50989467292814,-1.8699224338580585
2026-02-16,189707.34375,190505.69133022093,180825.72692004207,180825.72692004207,51263268,93.84199388543585,12402.561577586066,93.25756631455613,0.049117045193550535,0.5452565439099661,0.002727452896391862,2106.7545340297947,-5.82112683534578,-18.54589238509078,-1.5949449075764761
2026-02-23,216052.8125,222539.3865473441,190106.51631062356,193998.46073903,163283828,100.0,14445.50969956187,96.50487368973275,0.13887426933096791,0.5897610311952648,0.0030391185251203005,2532.5945840549157,-8.285825677119021,-29.780332608575762,-2.37626472748528
2026-03-02,187811.265625,212061.07303566684,171544.93390508767,209067.2696516339,227788743,81.99556634207852,17451.746589096918,86.79393431125902,-0.13071594184870883,0.7525104904672251,0.006002426714453858,-1040.4990263316795,-13.655329937038374,-17.593734048406418,-1.7977643704695665
2026-03-09,183120.96875,194397.6278610354,166954.43090940054,173141.62440395096,140914630,73.25768922259977,18450.891625350712,72.5135554615751,-0.024973458644195756,0.5211360376930162,0.006328409185430086,-96.0200339053772,-6.795760280158902,-16.81530814175275,-1.3288287479381409
2026-03-16,198988.125,208568.2955115346,183220.7610330993,184218.69546138417,120360709,72.7564193727037,19150.535138969102,65.28426798956657,0.08664849448050993,0.39787192472740207,0.006216893419755874,923.2537087987257,-3.4843091223291935,-23.305950428585092,-1.496482796654858
2026-03-23,179728.0,195994.3320377568,171644.73070516382,190106.51860077734,139936088,63.799604110305886,19969.82105455581,58.68206986060388,-0.0967903235431763,0.3975499899582833,0.007709195988231267,-758.4143884341393,4.43915194897901,-4.012469516966867,0.25038573381304263
2026-03-30,185815.390625,193200.10539742213,166655.0495938507,170646.78730867346,152128669,54.467403438189564,20627.344529457372,56.64159493267341,0.03387001816634028,0.2295366760319809,0.007508217732593497,593.0585619996018,1.4861501985298418,-2.710806737168234,-0.08166670401422318
2026-04-06,206000.0,214500.0,190100.0,190900.0,147940282,55.36258377904218,21433.071014011635,58.158101883575476,0.10862722031317196,0.2419157577904706,0.008155679970309847,-751.8332747880486,-1.1756015622731866,-9.248944856692908,-0.4450316709077079
2026-04-13,216000.0,218000.0,198200.0,198200.0,106947487,54.31618781853539,21269.763912610473,72.18810627990489,0.04854368932038833,0.29531610775908945,0.008128517494517252,-792.5186128257446,-3.4007424553976406,5.584752620448512,0.09053968298034491
2026-04-20,219500.0,229500.0,213000.0,214500.0,104835504,53.97894824965406,20792.787521349426,83.50555052004914,0.01620370370370372,0.35569781959931845,0.007958294318283978,-1014.9990264524895,-7.810212959585762,13.257704900424073,0.1331643566920291
2026-04-27,220500.0,230000.0,218500.0,220000.0,83840595,55.50584563446935,19863.508769214484,86.11602661054492,0.004555808656036442,0.22940471647255178,0.006689592368362106,2035.178318998518,1.4913603161811224,27.635749933183895,1.1945650881386587
2026-05-04,268500.0,277000.0,224000.0,228000.0,153299379,56.31764024973936,23527.157892293035,87.12915235811236,0.217687074829932,0.1848434799350377,0.010211716390300185,-4071.3320909297327,5.377709930445697,19.952108006556458,1.8594931120048268
2026-05-11,270500.0,299500.0,262000.0,284500.0,190172616,72.74325679456041,24924.44210306373,85.15655804395668,0.007448789571694592,0.26365628543400177,0.009093502985283412,942.3109720521825,23.920961855483313,29.897665757978857,3.2095550179872196
2026-05-18,292500.0,300500.0,262000.0,269500.0,154548823,82.69782302563749,26281.997892757357,88.16328599637579,0.0813308687615526,0.4018210168544052,0.006592328416927423,7139.210472854418,7.759799223538607,0.9031599379370192,-0.18739155753323652
2026-05-25,317000.0,323000.0,287500.0,298000.0,124794930,83.49646987069185,27203.798103481622,89.45176883304804,0.08376068376068369,0.5081253442601535,0.006168879671376652,8433.903529300875,-2.794120907499021,-11.4804361327122,-1.7675277428739005
2026-06-01,329000.0,370000.0,319500.0,319500.0,194841885,92.37698788444789,29783.41829313346,90.00749479520239,0.03785488958990535,0.5052375335403273,0.006064834506614745,11581.697662327588,8.878394231773271,-5.604751612514761,-0.9350729869245435
